{
  "timestamp": "2025-06-09T23:45:57.851131",
  "running_servers": 10,
  "total_servers": 11,
  "success_rate": 90.9090909090909
}